"","MnthYr","total_CLV"
"1","2010-12",644.38178943513
"2","2011-01",661.060121304753
"3","2011-02",592.684653199642
"4","2011-03",596.069865738661
"5","2011-04",545.847322274219
"6","2011-05",632.668642334994
"7","2011-06",612.889348268839
"8","2011-07",622.722348198908
"9","2011-08",661.92705289245
"10","2011-09",740.79425798722
"11","2011-10",708.873449973679
"12","2011-11",678.950491802481
"13","2011-12",569.67535188216
